author,message,timestamp,time_in_seconds,time_text
Ethan D,5,1595183531450702,0,0:00
*_FoxyGalaxy _*,10,1595183531501753,0,0:00
Erik Gabriel Machado Fernandes,c,1595183531666347,0,0:00
- M A N C I P E,VIDEO NOPOR BUSQUEN :MARGOT ROBBIE SEX EL PRIMERO LO PONEN Y SE MASTURBAN RAPIDO!!!,1595183531837916,0,0:00
Porkkanakeitto,Oh my gosh,1595183532061071,0,0:00
Erik Gabriel Machado Fernandes,c,1595183532231669,0,0:00
Michael Knaap,/\/\/\,1595183532321285,0,0:00
Azim Erdem,7,1595183532451804,1,0:01
Ayman Hailu,PogU,1595183532907112,1,0:01
Sharon,1,1595183532932036,1,0:01
Sharon,1,1595183533437863,2,0:02
water_ girl,omg,1595183533537134,2,0:02
Maria Str,–º—ã —Ç—É—Ç,1595183533738386,2,0:02
Erik Gabriel Machado Fernandes,ccc,1595183533828613,2,0:02
DJTorres,Wooooo,1595183533967786,2,0:02
erden,—É—É—É—Ä–∞–∞–∞–∞–∞,1595183534037684,2,0:02
Michael Knaap,/\/\/\,1595183534220333,2,0:02
Erik Gabriel Machado Fernandes,c,1595183534728718,3,0:03
–ø–∏—Ü—Ü–∞ —Å–∞–º–ø,+,1595183534755847,3,0:03
THE PLAYER ONE,like you toot,1595183535241413,3,0:03
XxOjamajoxX,10,1595183535297861,3,0:03
FEOFILOV –í—Å–µ–≥–¥–∞,++,1595183535459650,4,0:04
Vaylen Gordon,hi,1595183535809092,4,0:04
Jo√£o Paulo,f,1595183536104410,5,0:05
KiNg A 15,uw,1595183536218537,5,0:05
Abhishek Rajput,0,1595183536463619,5,0:05
lohik√§√§rme,lohik√§√§rme,1595183536786565,5,0:05
David Quintero,OMG,1595183536876691,5,0:05
Mon Osorno,wuhuuuuoooo,1595183537019177,5,0:05
Azim Erdem,4,1595183537057392,5,0:05
JAMES SPARROW,Poggers,1595183537248681,6,0:06
Michael Knaap,/\/\/,1595183537305692,6,0:06
ÿπŸÑŸä ÿ®Ÿà ÿ•ÿ®ÿ±ÿßŸáŸäŸÖ,hi everyone e,1595183537310737,6,0:06
Andrew Daniel,\o/,1595183537316005,6,0:06
Naruto Uzumaki,YEEESSSS,1595183537477345,6,0:06
eduardo escalante,she deserve it,1595183537784237,6,0:06
LOST 444,3,1595183538605657,7,0:07
Snaiper_19 _,i can't believe it,1595183538820547,7,0:07
VIRCOD,1,1595183539289799,8,0:08
Oursodou,omg,1595183539331753,8,0:08
Nicolai Schoenmakers,f,1595183539376298,8,0:08
Memorias Anal√≠ticas,que es?,1595183539431769,8,0:08
Pogo Stick,POG,1595183539553693,8,0:08
Twilight76YT,5,1595183539930325,8,0:08
Jo√£o Gabriel,eba,1595183540110804,8,0:08
A Random Asian,1,1595183540223286,8,0:08
kurapika kurta,owo,1595183540093082,8,0:08
s e b z,puerto rico,1595183540290300,9,0:09
Anderson Monegro,1,1595183540773496,9,0:09
Amandine Mangaribi,1,1595183541451063,10,0:10
blueberry in blood,what is it,1595183541705258,10,0:10
Arurra Moon,It's showtime indeed,1595183541811897,10,0:10
Soul Reaper zr,5,1595183541951303,10,0:10
Joaking cortegana,ff,1595183541983412,10,0:10
MC_P00,YESSSSSSSSSSSSSSS,1595183542192610,10,0:10
Erik Gabriel Machado Fernandes,c,1595183542357997,11,0:11
Soul Reaper zr,32,1595183542588399,11,0:11
CaStudio,1,1595183542814417,11,0:11
I go reee,6,1595183543201585,11,0:11
Chefgustavo1882,Poggers,1595183543283892,12,0:12
- M A N C I P E,VIDEO NOPOR BUSQUEN :MARGOT ROBBIE SEX EL PRIMERO LO PONEN Y SE MASTURBAN RAPIDO!!!,1595183543380945,12,0:12
Justin Spencer,2,1595183543494130,12,0:12
Shovel,ayyy,1595183543500997,12,0:12
Sniezek Sniezkowaty,UwU i'm here,1595183543645549,12,0:12
FK1F,3,1595183544221730,14,0:14
Justin Spencer,1,1595183544608652,14,0:14
K Nicole44,1,1595183544836203,14,0:14
tinyzo,It‚Äôs starting y‚Äôall,1595183544849755,14,0:14
FK1F,1,1595183544944655,14,0:14
Maria Str,–¥–∞–≤–∞–π,1595183545225493,15,0:15
StormLightingVC,s,1595183545511241,15,0:15
Abdullah Ghanbari,yea,1595183545683073,15,0:15
Hugo THOMAS,go!!!,1595183546184968,16,0:16
water_ girl,aaa child cow,1595183546312672,16,0:16
KiNg A 15,lets go boiii,1595183546424023,16,0:16
Ruka60FPS,íÄ±íÄ±íÄ±íÄ±íÄ±íÄ±íÄ±íÄ±íÄ±íÄ±íÄ±íÄ±íÄ±íÄ±íÄ±íÄ±íÄ±íÄ±íÄ±‚É¢ íÄ±íÄ±,1595183546446575,16,0:16
Bastijn GreenAlpha,there we gooo,1595183546694794,16,0:16
FK1F,GOOOOOO,1595183546727246,16,0:16
Aaron Marte,HELLO,1595183546824685,16,0:16
Manga Draw,1,1595183547087887,17,0:17
Courtney Mettler,wahhooo,1595183547097972,17,0:17
Shovel,lets gooo,1595183547119719,17,0:17
Knoize,waste of time,1595183547153848,17,0:17
Michael Lee,lego,1595183547407416,17,0:17
selina Toliyat,4,1595183547618051,17,0:17
80scutie,LETS GOOO,1595183547718198,17,0:17
Captain Deadpool,it's time boiz,1595183547987864,17,0:17
Subella Sosa,let's chill guys!!!,1595183548180347,18,0:18
Camilla Gon√ßalves,:chillwcat::chillwcat::chillwcat:,1595183550650646,18,0:18
Christopher,üòÄ üòÄ üòÄ,1595183550812653,19,0:19
- M A N C I P E,VIDEO NOPOR BUSQUEN :MARGOT ROBBIE SEX EL PRIMERO LO PONEN Y SE MASTURBAN RAPIDO!!!,1595183551389681,19,0:19
ninnes c,yesss,1595183551458235,19,0:19
Muskan Khan,yesssssssssssss,1595183551559228,19,0:19
Zenicidal,Dislikes on here make you autistic Fact.,1595183551736310,19,0:19
water_ girl,cute,1595183551959417,20,0:20
–ù–µ–¥–∏–º –ö–∞—Å–∏–º–æ–≤,–ê,1595183552168023,20,0:20
Ilija Stankovic,first to hear,1595183552173494,20,0:20
XxRosePinX S,uwu,1595183552455633,20,0:20
Anderson Monegro,Yay,1595183552658527,20,0:20
Zarpi„ÉÑ,–Ø –°–†–£ –ù–ê–•–£–ô –ù–ï –ú–ï–®–ê–ô–¢–ï,1595183552727908,20,0:20
P√•ƒç√∏ƒçƒÉ,aeeeeeee,1595183552784312,21,0:21
Sam Bjarnason,On joy,1595183552905179,21,0:21
Jacks partan 65,:yougotthis::yougotthis::yougotthis:,1595183553349010,21,0:21
selina Toliyat,0,1595183553618124,21,0:21
karikiki,pog,1595183553660608,21,0:21
K Nicole44,YAY,1595183553998948,22,0:22
—á–∏–∫–∏–±–∞–º–±–æ–Ω–∏ –≠—Ç–æ –Ω–µ –ø—Ä–æ—Å—Ç–æ –º–µ–º,–∫–Ω—à —Ç—É—Ç,1595183554257791,22,0:22
Apfel- Mann,WASTE of timr,1595183554393571,22,0:22
Nicolai Schoenmakers,f,1595183554489895,22,0:22
todoroki,NANI?,1595183554602582,22,0:22
Forever Kihana,Hi,1595183554715867,22,0:22
Thomas LEMARCHAND,BLM,1595183555006136,23,0:23
—Ö–∏—Ç—Ä—ã–π –ª–∏—Å,—É—Ä–∞–∞–∞–∞–∞–∞–∞–∞—Å,1595183555134899,23,0:23
Kermit The Frog,its sunday?,1595183555179038,23,0:23
Palket pom pom,0,1595183555439705,23,0:23
Soul Reaper zr,YESSSS,1595183555694588,23,0:23
Yasumu,Fuckin showtime,1595183556098763,24,0:24
Erik Gabriel Machado Fernandes,cccc,1595183556343564,24,0:24
MC_P00,üò≤,1595183556965936,25,0:25
Bastijn GreenAlpha,pog,1595183556991087,25,0:25
Marco H,Hi,1595183557954061,26,0:26
Kevin Rivera,locooooooo :b,1595183558227743,26,0:26
Degu,relax time,1595183558266321,26,0:26
Gael B. Zamacona,Mr g gamer,1595183558945507,27,0:27
Tokyo sandwhich,Yes,1595183559060305,27,0:27
David Villca Rivera,GG,1595183559074485,27,0:27
siramA,hello,1595183559658386,27,0:27
Guilherme De Jesus,aeeeeeee,1595183559695163,27,0:27
Abdullah Ghanbari,YES,1595183559696034,27,0:27
CaStudio,ES LOFI HIP HOPPP,1595183559874354,28,0:28
DanyOMG:0,i loved it,1595183561044597,30,0:30
kurapika kurta,can the chat chill now?,1595183561107436,30,0:30
GARYSE,What happened to the other cat?,1595183561333067,30,0:30
√ârick Vin√≠cius,lets fuckin go,1595183561385095,30,0:30
joe mama,POG,1595183561386090,30,0:30
–ö–æ—Ä–¥–∞ –¢–µ—Ç—å—è–Ω–∞,:buffering:,1595183561440808,30,0:30
altec252,DANG POG,1595183561455867,30,0:30
√Øs√§ .S,YAYY TODAY IS MY BIRTHDAY,1595183561601836,30,0:30
Mon Osorno,omg i feel soooo happy!!!!,1595183561785794,30,0:30
Abbas Alhisnawi,Yea,1595183561861717,30,0:30
Una Nuna,How long will livestreams live?ü§£,1595183561983018,30,0:30
Ayman Hailu,NICEEEE,1595183562102002,31,0:31
DJTorres,yeaaaaaa lofi girl!!!,1595183562168720,31,0:31
–ï–Ω–æ—Ç–∏–∫ –ü–æ–ª–æ—Å–∫—É–Ω:3,chill,1595183562190815,31,0:31
Riko muhammad,kok rame asu,1595183562282446,31,0:31
Joe's Fresh,Penis,1595183562457698,31,0:31
md nafiz,freaking awesome üëåüëå‚ô•Ô∏è,1595183562690522,31,0:31
–í–∞–ª–∏–¥–∞ –ò–±—Ä–∞–≥–∏–º–æ–≤–∞,—è —Å–ø–∞—Ç—å,1595183562767415,31,0:31
Israel Martins,YESSSSSSSS,1595183563021747,31,0:31
Erika myers,hey,1595183563034689,31,0:31
December,:OOOOOOOO,1595183563110952,32,0:32
Fidivr Pusha,music now,1595183563800926,32,0:32
Pogo Stick,STUDY-CHAN,1595183564162542,33,0:33
StivenV. Torres,aaaaaaaaaaaaa,1595183564702276,33,0:33
Rebecca van Der Merwe,yasssss,1595183564826482,33,0:33
W i l l,yeah,1595183564845508,33,0:33
Ignacio Spomer,uffffff,1595183564631984,33,0:33
sam Ban,cat pog,1595183565069685,33,0:33
Mya,aww she's so cute,1595183565966108,34,0:34
_s a k u r a. b l o s s o m_,y e s,1595183566221981,34,0:34
Zarpi„ÉÑ,–Ø –°–†–£ –ù–ê–•–£–ô –ì–û–í–ù–û –õ–ï–ó–ï–¢ –ê–ê–ê–ê –©–ê –ñ–û–ü–ê –ü–û–†–í–ï–¢–°–Ø –ü–ò–ó–î–ê –ê–ù–ê–õ–£ –ë–õ–Ø–Ø–Ø–¢–¨,1595183566520504,35,0:35
ÿ¨ŸàÿßŸÜ €å⁄©ÿ™ÿß Ÿæÿ±ÿ≥ÿ™,hi,1595183566541589,35,0:35
POLAI BOI,—è —Ç—É—Ç –æ–¥–Ω–∞ —Ä—É—Å—Å–∫–∞—è?,1595183566791043,35,0:35
Love xyz,‚ù§Ô∏è‚ù§Ô∏è‚ù§Ô∏è‚ù§Ô∏è,1595183567129534,35,0:35
‚Ä¢ MyH ‚Ä¢,:virtualhug::dothefive::videocall::thanksdoc::virtualhug::takeout::stayhome::videocall::learning::takeout:,1595183567181917,35,0:35
MC_P00,YES!!!!!,1595183567199744,35,0:35
Zielu.z,UwU,1595183567373036,36,0:36
Michael Knaap,sleepieng,1595183567520696,36,0:36
–†–æ–º–∞–Ω –ë–æ—Ä–∏—Å–µ–Ω–∫–æ,–î–ê–†–û–í–ê –ï–ì–ò–ü–¢–Ø–ù–ï,1595183567610888,36,0:36
DarkGamingLegion Knight,üò¨üò¨üò¨üò¨,1595183568047148,36,0:36
autumn rain,:thanksdoc::thanksdoc::thanksdoc:,1595183568100686,36,0:36
Galactic Sounds,LET'S GOOOOOOOOO,1595183568195904,36,0:36
I go reee,yasss,1595183568230079,36,0:36
Ayman Hailu,HE COW,1595183568361152,37,0:37
Shovel,‚ù§‚ù§‚ù§‚ù§‚ù§‚ù§‚ù§‚ù§‚ù§,1595183568448917,37,0:37
anime gal,SIKEEEEEEE,1595183568951618,38,0:38
Anna Keerthana,omg soooo gooddddd,1595183568982260,38,0:38
Franco Clavel,mimir time,1595183569714290,38,0:38
DanyOMG:0,beautiful,1595183570712504,39,0:39
Alex Cula,:chillwcat::chillwcat::chillwcat:,1595183570910799,40,0:40
GeorgeKatselis,lets go,1595183570962482,40,0:40
–ï–≥–æ—Ä –í–∏–≥–∞,Hello,1595183571030358,40,0:40
selina Toliyat,ÿÆÿ¶ŸÑ,1595183571552975,40,0:40
EdSoN_ViNiCiUs,salve brasileiros ‚ô°‚ô°‚ô°‚ô°‚ô°‚ô°‚ô°‚ô°,1595183571641521,40,0:40
Canal in√∫til Para cosas in√∫til,UWU,1595183571917551,41,0:41
CaStudio,ES MUSICAA,1595183572011294,41,0:41
–í–∏—Ç–∞–ª–∏–π –î–µ–¥–æ–≤,—É—Ä–∞!!,1595183572015466,41,0:41
–õ—É—á—à–∏–π –ú–∞—Å—Ç–µ—Ä,Aw,1595183572581407,41,0:41
TheGamerTrap,Sup gois,1595183572609936,41,0:41
Izuku Midoriya,sleeping ~,1595183572743497,42,0:42
80scutie,Time for me to sleep,1595183572825449,42,0:42
IlikeMakingGames,Gm,1595183573182202,42,0:42
Guy Kusano,üíûüíû,1595183573203934,42,0:42
Francesco Orsini,yeeee letz goooo,1595183573822492,43,0:43
Justin Spencer,CHILL VIBES,1595183574128371,43,0:43
jay2kd XD,Relax BRODDA,1595183574134030,43,0:43
Ayman Hailu,HEY,1595183574442133,43,0:43
–ï–Ω–æ—Ç–∏–∫ –ü–æ–ª–æ—Å–∫—É–Ω:3,relaaaaaax,1595183574928305,44,0:44
South Rainfall9,Noice,1595183574940801,44,0:44
‚Ä¢ MyH ‚Ä¢,:learning::videocall::virtualhug::elbowbump::takeout::elbowcough::thanksdoc::sanitizer::videocall::chillwcat::learning::takeout::virtualhug::chillwdog::washhands::hydrate::virtualhug:,1595183575451489,45,0:45
ArsmiX,BLDM,1595183575477466,45,0:45
Christophe Cote,ya,1595183575760857,45,0:45
Memorias Anal√≠ticas,la vaca chillona,1595183576379991,46,0:46
foxerin - cf studio,21:32,1595183576973826,46,0:46
play list,waste my life,1595183577138580,46,0:46
lity fity,lo-fi fiek looking kinda cute ngl,1595183577143449,46,0:46
blueberry in blood,–ø–æ—á–µ–º—É –≤—Å–µ –≤ –≤–æ—Å—Ç–æ—Ä–≥–µ,1595183577187276,46,0:46
Lidia sagu,ewe,1595183577415876,47,0:47
Daniela Reyes,omggg so pretty:virtualhug:,1595183578392899,48,0:48
THE PLAYER ONE,Arthur was here,1595183578440784,48,0:48
Fl√°via :3,yes,1595183578563128,48,0:48
Sam Bjarnason,Yk it‚Äôs a good mix when aso is in it,1595183578973228,48,0:48
Chadwick Ramos,OMG SHE'S SLEEPING!,1595183579040947,48,0:48
TanTanich,Degu yea,1595183579522645,48,0:48
Bilal Alkhatib,hi,1595183579243462,48,0:48
David Quintero,WHOOOO,1595183579255755,48,0:48
SneakyBarker,fuck i thought htis was collaps,1595183579589547,48,0:48
Gabriel Janu660,opah,1595183579626639,48,0:48
Ignacio Spomer,POG,1595183579832597,49,0:49
jeremyjars,chil time,1595183580531745,49,0:49
Gud W,russia here,1595183580645093,50,0:50
Snaiper_19 _,oooooooooohhhhhhhhhhhhhhhhhhhhhhhhhhhhhhhhhhhhh,1595183580751320,50,0:50
_s a k u r a. b l o s s o m_,this sound so cool already!! ‚ù§Ô∏è‚ù§Ô∏è,1595183581016517,50,0:50
Sherry Chauhan,heyyy√Ωyyyyyyyyyyyyyyyyyy,1595183581037232,50,0:50
David Quintero,YEEEEEIIIII,1595183581164478,50,0:50
Huy Spring,‚ù£Ô∏è‚ù£Ô∏è‚ù£Ô∏è,1595183581275714,50,0:50
LOST 444,NICE NICE,1595183582130591,51,0:51
THE PLAYER ONE,Arthur was here,1595183583669128,53,0:53
Patricia Emilia Saavedra Marca,"ahhh jaja me identifico con la chica, thanks",1595183583717456,53,0:53
RockfordAnimate,Yeeeeee,1595183583999423,53,0:53
David Quintero,OMG,1595183584107050,53,0:53
–ï–≥–æ—Ä –í–∏–≥–∞,–ø—Ä–∏–≤–µ—Ç,1595183584193035,54,0:54
EdSoN_ViNiCiUs,salve apaixonados ‚ô°‚ô°‚ô°‚ô°‚ô°‚ô°‚ô°‚ô°‚ô°,1595183584367018,54,0:54
matltheusw otaku,ü•∞ü•∞ü•∞ü•∞‚ù§‚ù§‚ù§ love you ‚ù§‚ù§‚ù§‚ù§,1595183584515439,54,0:54
Pablo Morch√≥n Lucas,happy birthdayy,1595183584547359,54,0:54
David Quintero,OMG,1595183584601980,54,0:54
Over Mendoza,Begkn,1595183584828305,54,0:54
Yaseen Akhalwaya,nice new music,1595183585041256,54,0:54
- M A N C I P E,VIDEO NOPOR BUSQUEN :MARGOT ROBBIE SEX EL PRIMERO LO PONEN Y SE MASTURBAN RAPIDO!!!,1595183585051184,54,0:54
blueberry in blood,—á—Ç–æ –ø—Ä–æ–∏—Å—Ö–æ–¥–∏—Ç,1595183585283149,55,0:55
David Quintero,OMG,1595183585376466,55,0:55
Adoni Hoek,chill music lofi,1595183585519107,55,0:55
JAMES SPARROW,I apologize I must take my leave my friends,1595183585778217,55,0:55
–ï–Ω–æ—Ç–∏–∫ –ü–æ–ª–æ—Å–∫—É–Ω:3,–Ω–µ—Ç –Ω–µ –æ–¥–Ω–∞,1595183585892153,55,0:55
just pain,iam need sleep,1595183586005798,55,0:55
Courtney Mettler,relaxing üòå,1595183586416535,56,0:56
Calcium,*A*,1595183586736254,56,0:56
–ú–∏–ª–∫–∞ –ö–∞–Ω,@Nastya Grehca –Ω–µ—Ç! —è –∫–∞–∑–∞—Ö,1595183587319377,57,0:57
David Quintero,OMG,1595183587631809,57,0:57
Dylan Tackett,Hi,1595183587650780,57,0:57
Scotobro 7,lofi and gogurt :D,1595183587925318,57,0:57
- M A N C I P E,VIDEO NOPOR BUSQUEN :MARGOT ROBBIE SEX EL PRIMERO LO PONEN Y SE MASTURBAN RAPIDO!!!,1595183590263301,58,0:58
Ali,:shelterin:,1595183590407236,58,0:58
Franco Clavel,TODOS HABLANDO EN INGLES LPM!!!!!!!,1595183588544537,58,0:58
ÊùéÈùñÊñπ,ÊôöÂÆâüåô‚≠êÔ∏èüåô‚≠êÔ∏èüåô,1595183590533468,58,0:58
Susan Tower,THE KITTY IS SO CUTE,1595183590568725,58,0:58
Diego Barrantes,raaaaaaaaa,1595183588801018,58,0:58
killer birds !,hope u all have an amazing day and just know that sangwoo is always watching you :virtualhug::virtualhug:,1595183588804073,58,0:58
Canal in√∫til Para cosas in√∫til,HORA DE MIMIR UWU,1595183590735487,58,0:58
Twilight76YT,WHERE IS THE MUSIC?!?!?!?!?!?!?!?!??!?!?!?!???!?!?!,1595183591153249,59,0:59
OP17 Gaming,its 20:33 in south africa,1595183591243858,59,0:59
–ö—Ä–∏—Å—Ç–∏–Ω–∞ –ö–∏—Ä–∏–ª–ª–æ–≤–∞,–Ω–µ –æ–¥–Ω–∞),1595183591668947,59,0:59
DuCk SQuAD,awwwww she's sleeping,1595183592189037,60,1:00
eduardo escalante,Ya me dio la anciedad,1595183592294473,60,1:00
THE PLAYER ONE,Arthur was here,1595183592327142,60,1:00
Francesco Orsini,so chilling,1595183592638444,60,1:00
W i l l,FREE FIRE √â O CRIME,1595183592945102,60,1:00
√Øs√§ .S,UHUU NOVA LIVE DE LOFI,1595183592986481,60,1:00
DarkGamingLegion Knight,qwq,1595183593049084,60,1:00
Snaiper_19 _,21:33,1595183593229865,61,1:01
Itzcloudlet,OMGGGGGGGGGGGGGGGGGGGGGGGGGGGGGGGGGGGGGGGGGGGGGGGGGGGGGGGGGGGGGGGGGGGGGGGGGGGGGGGGGGGG COOOOOOOOOOOOOOOOOOOOOOOOOOOOL UwU,1595183593280809,61,1:01
jeremyjars,chill time,1595183593929201,61,1:01
selina Toliyat,ÿß€åÿ±ÿßŸÜ€åÿß ÿ®€åÿß€åŸÜ,1595183594092193,62,1:02
Baraka Wandario,Yaaay,1595183594327562,62,1:02
Petar Andjelkovic,this is my life from now on,1595183594434733,62,1:02
SirCheezBall,HI YUtub,1595183594459784,62,1:02
daniel f,despues de tanta tarea no me sorprende que este cansada,1595183594722736,62,1:02
BEymeN.,hey everyvone,1595183594816725,62,1:02
‚Ä¢ MyH ‚Ä¢,SEUS CORNO!!!,1595183595206356,63,1:03
- M A N C I P E,VIDEO NOPOR BUSQUEN :MARGOT ROBBIE SEX EL PRIMERO LO PONEN Y SE MASTURBAN RAPIDO!!!,1595183595347327,63,1:03
David Villca Rivera,BUENAS ;),1595183595879005,63,1:03
‚Ä¢.Eichilla V.‚Ä¢,Tem BR aqui??,1595183595980645,63,1:03
Game Boi,deutsche hier,1595183596075393,64,1:04
Oursodou,:goodvibes:,1595183596277957,64,1:04
Pinifoxy,Hi!,1595183596511708,64,1:04
THE PLAYER ONE,Arthur was here,1595183596800086,64,1:04
Ayman Hailu,‚ù§,1595183596969017,64,1:04
Andrew Daniel,comfy,1595183597087044,64,1:04
Samy Perichon,i love this,1595183597349023,65,1:05
VIRCOD,cool animation,1595183597709440,65,1:05
DEZI,–í—Å–µ–º –°–∞–ª–∞–º,1595183598332805,66,1:06
StingBolt,noice,1595183598770969,66,1:06
Anderson Monegro,:virtualhug:,1595183598799595,66,1:06
Fl√°via :3,i am from brazil!!!!,1595183599054080,66,1:06
Love xyz,:virtualhug::virtualhug::virtualhug:,1595183599105385,67,1:07
Four thy of the BFB,uwu,1595183599918983,67,1:07
Ethan D,ITS SO FUCKING PEACEFUL,1595183600066033,67,1:07
Ignacio Spomer,/Chill Cow,1595183600118958,68,1:08
SirCheezBall,this do be fun,1595183600816329,68,1:08
POLAI BOI,:yt::virtualhug::yt:,1595183600868139,68,1:08
I simp for anime characters and black screens,NO MY AIRPOD DIEDDDüò§üò≠üò≠üò≠üò´üò´üò´,1595183601084011,69,1:09
Jan Falfus,:goodvibes::goodvibes::goodvibes:,1595183601185860,69,1:09
Samuel Gingras,Dean she finally done studying,1595183601417058,69,1:09
Dovydas Bakys,hentai,1595183601966632,69,1:09
_s a k u r a. b l o s s o m_,:shelterin::takeout::chillwcat::shelterin::takeout::chillwcat:,1595183601989695,69,1:09
Erik Gabriel Machado Fernandes,c,1595183602344696,70,1:10
- M A N C I P E,VIDEO NOPOR BUSQUEN :MARGOT ROBBIE SEX EL PRIMERO LO PONEN Y SE MASTURBAN RAPIDO!!!,1595183602563127,70,1:10
Erik Gabriel Machado Fernandes,c,1595183603326462,71,1:11
alina¬π¬≤‚Å∑,the girl is a whole mood tho-,1595183603500469,71,1:11
THE PLAYER ONE,Arthur was here,1595183603965560,71,1:11
Erik Gabriel Machado Fernandes,c,1595183604062737,72,1:12
Giuliano Simonetta,:virtualhug:,1595183604217275,72,1:12
DenikaR,Yay! She gets to rest üòÑ,1595183604311041,72,1:12
play list,make me die,1595183604460197,72,1:12
KronicZahO,fuck,1595183604731348,72,1:12
Erik Gabriel Machado Fernandes,c,1595183604862381,72,1:12
Gael B. Zamacona,Mr G Gamer,1595183605077892,73,1:13
–°–∞–ª–æ—Ö–∏–¥–¥–∏–Ω –≠—Ä–∫–∏–Ω–æ–≤,good night üíØ,1595183605205748,73,1:13
Erik Gabriel Machado Fernandes,c,1595183605657922,74,1:14
Eric S,Yo what's up everyone,1595183605675788,74,1:14
–Ω–∏–≥–µ—Ä—ã –ø–∏–¥–∞—Ä–∞—Å—ã,–ª—è—è—è—è,1595183605983010,74,1:14
k a k a o,"–¢—É—Ç –º–Ω–æ–≥–æ —Ä—É—Å—Å–∫–∏—Ö, –ø–µ—Ä–µ—Å—Ç–∞–Ω—å—Ç–µ —Å–ø—Ä–∞—à–∏–≤–∞—Ç—å ¬´–ê —Ä—É—Å—Å–∫–∏–µ —Ç—É—Ç?¬ª",1595183606063712,74,1:14
Erik Gabriel Machado Fernandes,c,1595183606319395,75,1:15
Gena Pens√©e libre,Oh yes üòç,1595183606537760,75,1:15
Fox Player,Can't believe i joined in on the last 10 seconds PogChamp,1595183606636967,75,1:15
- M A N C I P E,VIDEO NOPOR BUSQUEN :MARGOT ROBBIE SEX EL PRIMERO LO PONEN Y SE MASTURBAN RAPIDO!!!,1595183606700129,75,1:15
Andrew Daniel,‚ù§‚ù§‚ù§‚ù§‚ù§‚ù§,1595183606758121,75,1:15
Erik Gabriel Machado Fernandes,c,1595183606798276,75,1:15
Diana Sosa,alg√∫n latino?,1595183606806116,75,1:15
K Nicole44,yayyayayay,1595183607326147,76,1:16
Oursodou,nice,1595183607625184,76,1:16
LOST 444,3:33,1595183607871551,76,1:16
Varg,hey,1595183609250642,77,1:17
Love xyz,‚ù§Ô∏è‚ù§Ô∏è‚ù§Ô∏è‚ù§Ô∏è,1595183609420374,79,1:19
Franco Clavel,MAKI MI ESPOSAAAAAAAA!!!!,1595183609602525,79,1:19
quack,:D,1595183609781965,79,1:19
Snaiper_19 _,21:33 –ø–æ –º—Å–∫,1595183610582335,80,1:20
‚Ä¢gml art‚Ä¢,I always loved that cat üêà,1595183610595023,80,1:20
Fidivr Pusha,Russia is here (Mordor),1595183610719178,80,1:20
Amanda,She deserves this sleep after all that studying!,1595183610827330,80,1:20
Bash,This is some good vibe,1595183610899139,80,1:20
Sr. Taki,:virtualhug::virtualhug::yougotthis:,1595183611415121,81,1:21
VIRCOD,–Ω–µ –æ–¥–Ω–∞))),1595183612077051,82,1:22
- M A N C I P E,VIDEO NOPOR BUSQUEN :MARGOT ROBBIE SEX EL PRIMERO LO PONEN Y SE MASTURBAN RAPIDO!!!,1595183612316811,82,1:22
blueberry in blood,—Å–∞–ª–∞–º,1595183612355631,82,1:22
play list,tosay,1595183612419491,82,1:22
slow poke,:goodvibes:,1595183612586806,82,1:22
Reza Pahlevi,i'm waiting 1 hour just to hear this music and go to sleep,1595183612882141,82,1:22
THE PLAYER ONE,Arthur was here,1595183612897803,82,1:22
Samuel Gingras,She finally done studying ü§£,1595183612936401,82,1:22
spencer hunt,@jhove where are you,1595183612938843,82,1:22
chemi chemical,ai que del√≠cia hein,1595183613598128,83,1:23
–ï–Ω–æ—Ç–∏–∫ –ü–æ–ª–æ—Å–∫—É–Ω:3,–ø—Ä–∏–≤,1595183613697212,83,1:23
Í∞ïÏ§ÄÌò∏,hi,1595183613895606,83,1:23
Alice Ngo,–ü—Ä–∏–≤–µ—Ç –≤—Å–µ–º,1595183614523362,84,1:24
Lina K,üò¥üò¥üò¥üò¥,1595183614837375,84,1:24
Chadwick Ramos,FUCK YEAH!,1595183614957274,84,1:24
–Ω–∏–≥–µ—Ä—ã –ø–∏–¥–∞—Ä–∞—Å—ã,—Å,1595183615279602,84,1:24
Adrian Lubi≈Ñski,"Hello, nice",1595183615393745,85,1:25
bassist 25,hey,1595183615944176,85,1:25
Pinifoxy,:yt:,1595183616171781,85,1:25
_myspoon_,Hi,1595183616482988,86,1:26
Maria Str,—Ö—É—è,1595183616555882,86,1:26
David Villca Rivera,:chillwcat::shelterin:,1595183616582354,86,1:26
RAMYGAMS,frenchnhere,1595183617542785,87,1:27
- M A N C I P E,VIDEO NOPOR BUSQUEN :MARGOT ROBBIE SEX EL PRIMERO LO PONEN Y SE MASTURBAN RAPIDO!!!,1595183617589897,87,1:27
Franco Clavel,HORA DE LA MIMISION!!!!!,1595183617803971,87,1:27
Leo 321,fl√°via batista √© nois,1595183618311193,87,1:27
KiLi,ü•∞ü•∞ü•∞‚ù£‚ù£‚ù£üñ§üñ§üñ§üñ§,1595183620819294,89,1:29
Sr ClauYT,._.,1595183620852907,89,1:29
Sergio Blanco,Despu√©s de casi 2 a√±os termin√≥ su tarea,1595183621604405,90,1:30
- M A N C I P E,VIDEO NOPOR BUSQUEN :MARGOT ROBBIE SEX EL PRIMERO LO PONEN Y SE MASTURBAN RAPIDO!!!,1595183622385033,90,1:30
chemi chemical,uu,1595183622564412,91,1:31
Burned Calculat0r,(),1595183622635730,91,1:31
Mimi,Shhhh....she's sleeping. üò¥‚ù§,1595183622833390,91,1:31
Bruno Genetti,chilled sunday =v=,1595183623265918,91,1:31
Nicolai Schoenmakers,c,1595183623335669,91,1:31
Apex Paradise TV,hey chat,1595183623491422,91,1:31
young'G' IX,:goodvibes::goodvibes:,1595183623559365,92,1:32
NullNekit,–†–ê-–°–ò-–Ø,1595183623696286,92,1:32
Nicolai Schoenmakers,c,1595183623831079,92,1:32
Mon Osorno,sooo chill~,1595183623886851,92,1:32
Fl√°via :3,i am from brazil,1595183623903195,92,1:32
Nicolai Schoenmakers,c,1595183624183945,92,1:32
todoroki,HI IM FROM TEXAS üôÇ,1595183624189340,92,1:32
Akkera eiho,–∫–æ—Ç–∏–∫ –¥–≤–∏–≥–∞–µ—Ç—Å—è )),1595183624350670,92,1:32
Nicolai Schoenmakers,c,1595183624528892,93,1:33
XIII,üôÇ,1595183624879810,93,1:33
Nicolai Schoenmakers,c,1595183624991559,93,1:33
lity fity,hentai,1595183625307244,93,1:33
Marcos Lema,hola,1595183625353100,94,1:34
DarkGamingLegion Knight,ü§©ü§©ü§©ü§©ü§©ü§©ü§©ü§©‚ù§Ô∏èü§©‚ù§Ô∏èü§©‚ù§Ô∏èü§©ü§©‚ù§Ô∏èü§©ü§©‚ù§Ô∏èü§©‚ù§Ô∏èü§©‚ù§Ô∏èü§©‚ù§Ô∏èü§©‚ù§Ô∏èü§©‚ù§Ô∏èü§©‚ù§Ô∏èü§©‚ù§Ô∏è,1595183625458873,94,1:34
–Ω–∏–≥–µ—Ä—ã –ø–∏–¥–∞—Ä–∞—Å—ã,–∫—É –≤—Å–µ–º,1595183625804873,94,1:34
Nicolai Schoenmakers,c,1595183625892409,94,1:34
Sniezek Sniezkowaty,xaxaxa ‚ù§,1595183625918430,94,1:34
Ruth costa da silva,hi lorena,1595183626008941,94,1:34
Nicolai Schoenmakers,c,1595183626398541,95,1:35
Mya,AYYYE,1595183626692088,95,1:35
Anna Keerthana,how long is this video??,1595183627017506,95,1:35
Sr. Taki,:virtualhug:,1595183627275485,95,1:35
Benjamin Sanchez,üòçüòçüòçüòçüòç,1595183627499867,96,1:36
mate0Kun,alguno abla spa√±ol,1595183627957005,96,1:36
NullNekit,–†–ê-–°–ò-–Ø,1595183628038771,96,1:36
Apex Paradise TV,chat,1595183628197853,96,1:36
Sof√≠a Neer,yo soy latina uwu,1595183628412419,97,1:37
- M A N C I P E,VIDEO NOPOR BUSQUEN :MARGOT ROBBIE SEX EL PRIMERO LO PONEN Y SE MASTURBAN RAPIDO!!!,1595183628794407,97,1:37
Rick dich,die katze lebt,1595183629227396,97,1:37
Pointy Features,Hey spence,1595183629258692,97,1:37
Nicolai Schoenmakers,c,1595183629325145,97,1:37
Rodrigo Almeida,Oi gente,1595183629336141,97,1:37
Hosg _,hey,1595183629369366,98,1:38
chill sheep,this lowkey makes me feel nostalgic,1595183632194812,100,1:40
Johnatan Clavijo Pamplona,so? ü§∑,1595183632736146,100,1:40
Love xyz,‚ù§Ô∏è‚ù§Ô∏è‚ù§Ô∏è‚ù§Ô∏è‚ù§Ô∏èüòòüòòüòòüòòüëåüëåüëåüëå,1595183632991804,101,1:41
Agw11,c,1595183633115926,101,1:41
–Ω–∏–≥–µ—Ä—ã –ø–∏–¥–∞—Ä–∞—Å—ã,—Å,1595183633152961,101,1:41
Sr ClauYT,u:,1595183633301100,101,1:41
Rock Lee vs gaara ao som de Linkin park,—è –ª—é–±–ª—é —ç—Ç–æ—Ç —Ç–∏–ø –º—É–∑—ã–∫–∏,1595183633604585,101,1:41
Nicolai Schoenmakers,c,1595183633976173,102,1:42
Fl√°via :3,yyaaaayy,1595183634157330,104,1:44
W i l l,QUEM DORME EM CIMA DA COBERTA? !,1595183634438413,104,1:44
„Éô„Éº„ÇÑ„Çì„ÅÆ„Ç≤„Éº„É†ÈÉ®Â±ã,„Åæ„Åò„Åæ„Çì„Åò,1595183634787425,104,1:44
Oliver St.,–õ–∞–π–Ω,1595183635600785,105,1:45
kapapase,fr,1595183635616758,105,1:45
Burned Calculat0r,()()()()()()(),1595183635986077,105,1:45
Courtney Mettler,üòäüòåüòåüòåüòåüòåüòåüòå,1595183636274267,106,1:46
sk1nnzey,"–Ω–µ—Ç, –Ω–µ –æ–¥–Ω–∞",1595183636432752,106,1:46
Steeven Buisset,France!!,1595183636711186,106,1:46
- M A N C I P E,VIDEO NOPOR BUSQUEN :MARGOT ROBBIE SEX EL PRIMERO LO PONEN Y SE MASTURBAN RAPIDO!!!,1595183637360704,107,1:47
selina Toliyat,€åŸÜ€å Ÿá€å⁄Ü ⁄©ÿ≥ ÿß€åÿ±ÿßŸÜ€å ŸÜ€åÿ≥ÿ™ÿüÿüÿüÿüÿüÿüÿü,1595183637516701,107,1:47
Reza Pahlevi,gn y'all,1595183637811643,107,1:47
MC_P00,VIBE,1595183637826232,107,1:47
Agw11,c h i l l,1595183640484519,108,1:48
Joel Baez,:yt:,1595183640997147,108,1:48
NEXT,ü§§ü§§ü§§ü§§ü§§ü§§ü§§ü§£,1595183641125369,109,1:49
Vainius Liaudanskas,ohh,1595183641368004,109,1:49
I go reee,IST SO PRITTY,1595183641739632,109,1:49
Twilight76YT,WOOOOOHOOOOOOOOOOOOOOO,1595183641911613,109,1:49
Mya,;-;,1595183641994493,109,1:49
Pinifoxy,„Åó,1595183642421583,110,1:50
Anna Keerthana,is it gon be here forever???????!!!!!!,1595183642762049,110,1:50
Mon Osorno,is she dead? lol,1595183642985306,110,1:50
Giovane Greg,‚Ä¢\\\‚Ä¢) PERFECT üíúüíú,1595183643056472,110,1:50
Ayman Hailu,HE @ChilledCow did you make this and when,1595183643518792,111,1:51
TyrranicalT-Rad,CATS MAKE THE BEST SLEEPING COMPANIONS !!!!!!,1595183643686688,111,1:51
mr. WonderFlu,aww,1595183643843620,111,1:51
dan jokess,Hope y‚Äôall have a good day,1595183643909787,111,1:51
Nicolai Schoenmakers,c,1595183644030491,111,1:51
- M A N C I P E,VIDEO NOPOR BUSQUEN :MARGOT ROBBIE SEX EL PRIMERO LO PONEN Y SE MASTURBAN RAPIDO!!!,1595183644035023,111,1:51
David Villca Rivera,BUENAS SOLO TRATO DE MIMIR ;),1595183644995548,114,1:54
Pogo Stick,This is fireüî•üî•,1595183645286787,115,1:55
kapapase,fr,1595183645563372,115,1:55
poulexvx,"Grande Milik,",1595183645611276,115,1:55
Apex Paradise TV,hey,1595183645959983,115,1:55
Diana Sosa,hola gentee,1595183646309505,116,1:56
–ù–µ–¥–∏–º –ö–∞—Å–∏–º–æ–≤,–†–† –û–û –°–° –ò–ò –Ø–Ø,1595183647091270,116,1:56
Alice Ngo,–ö—Ç–æ –µ—Å—Ç—å –≤ —Ç–∏–∫ —Ç–æ–∫–µ üòÇ,1595183647453616,117,1:57
Lux,‚ù§Ô∏è,1595183648134083,117,1:57
kurapika kurta,crud,1595183648527498,118,1:58
Game Boi,The study girl finally has a break,1595183648642533,118,1:58
Abhijit Das,Hiiii:yt:,1595183648705630,118,1:58